{
  "output": {
    "folder": "out",
    "file": "result.twb"
  },
  "template_tableau": {
    "path": "config",
    "name": "template.twb"
  },
  "params": {
    "actual_month": "02",
    "actual_year": "2018"
  },
  "queries": {
    "path": "config/queries",
    "names":[
      "fb_com_01.sql",
      "fb_com_02.sql",
      "fb_com_03.sql",
      "fb_com_04.sql",
      "fb_imp_01.sql",
      "fb_imp_02.sql",
      "fb_int_01.sql",
      "fb_int_02.sql",
      "fb_posts_01.sql",
      "fb_posts_02.sql",
      "fb_seg_01.sql",
      "fb_seg_02.sql",
      "tw_com_01.sql",
      "tw_com_02.sql",
      "tw_com_03.sql",
      "tw_com_04.sql",
      "tw_imp_01.sql",
      "tw_imp_02.sql",
      "tw_int_01.sql",
      "tw_int_02.sql",
      "tw_posts_01.sql",
      "tw_posts_02.sql",
      "tw_seg_01.sql",
      "tw_seg_02.sql"
    ]
  }
}